Date,SST
6/1/17,NA
6/1/17,NA
6/1/17,NA
6/1/17,NA
6/1/17,NA
6/1/17,NA
6/1/17,NA
6/1/17,NA
6/1/17,NA
6/1/17,NA
6/1/17,NA
6/1/17,NA
6/1/17,NA
6/1/17,NA
6/1/17,NA
6/1/17,NA
6/1/17,NA
6/1/17,NA
6/1/17,NA
6/1/17,NA
6/1/17,NA
6/1/17,NA
6/1/17,NA
6/2/17,NA
6/2/17,NA
6/2/17,NA
6/2/17,NA
6/2/17,NA
6/2/17,NA
6/2/17,NA
6/2/17,NA
6/2/17,NA
6/2/17,NA
6/2/17,NA
6/2/17,NA
6/2/17,NA
6/2/17,NA
6/2/17,NA
6/2/17,NA
6/2/17,NA
6/2/17,NA
6/2/17,NA
6/2/17,NA
6/2/17,NA
6/2/17,NA
6/2/17,NA
6/2/17,NA
6/3/17,NA
6/3/17,NA
6/3/17,NA
6/3/17,NA
6/3/17,NA
6/3/17,NA
6/3/17,NA
6/3/17,NA
6/3/17,NA
6/3/17,NA
6/3/17,NA
6/3/17,NA
6/3/17,NA
6/3/17,NA
6/3/17,NA
6/3/17,NA
6/3/17,NA
6/3/17,NA
6/3/17,NA
6/3/17,NA
6/3/17,NA
6/3/17,NA
6/3/17,NA
6/3/17,NA
6/4/17,NA
6/4/17,NA
6/4/17,NA
6/4/17,NA
6/4/17,NA
6/4/17,NA
6/4/17,NA
6/4/17,NA
6/4/17,NA
6/4/17,NA
6/4/17,NA
6/4/17,NA
6/4/17,NA
6/4/17,NA
6/4/17,NA
6/4/17,NA
6/4/17,NA
6/4/17,NA
6/4/17,NA
6/4/17,NA
6/4/17,NA
6/4/17,NA
6/4/17,NA
6/4/17,NA
6/5/17,NA
6/5/17,NA
6/5/17,NA
6/5/17,NA
6/5/17,NA
6/5/17,NA
6/5/17,NA
6/5/17,NA
6/5/17,NA
6/5/17,NA
6/5/17,NA
6/5/17,NA
6/5/17,NA
6/5/17,NA
6/5/17,NA
6/5/17,NA
6/5/17,NA
6/5/17,NA
6/5/17,NA
6/5/17,NA
6/5/17,NA
6/5/17,NA
6/5/17,NA
6/5/17,NA
6/6/17,NA
6/6/17,NA
6/6/17,NA
6/6/17,NA
6/6/17,NA
6/6/17,NA
6/6/17,NA
6/6/17,NA
6/6/17,NA
6/6/17,NA
6/6/17,NA
6/6/17,NA
6/6/17,NA
6/6/17,NA
6/6/17,NA
6/6/17,NA
6/6/17,NA
6/6/17,NA
6/6/17,NA
6/6/17,NA
6/6/17,NA
6/6/17,NA
6/6/17,NA
6/6/17,NA
6/7/17,NA
6/7/17,NA
6/7/17,NA
6/7/17,NA
6/7/17,NA
6/7/17,NA
6/7/17,NA
6/7/17,NA
6/7/17,NA
6/7/17,NA
6/7/17,NA
6/7/17,NA
6/7/17,NA
6/7/17,NA
6/7/17,NA
6/7/17,NA
6/7/17,NA
6/7/17,NA
6/7/17,NA
6/7/17,NA
6/7/17,NA
6/7/17,NA
6/7/17,NA
6/7/17,NA
6/8/17,NA
6/8/17,NA
6/8/17,NA
6/8/17,NA
6/8/17,NA
6/8/17,NA
6/8/17,NA
6/8/17,NA
6/8/17,NA
6/8/17,NA
6/8/17,NA
6/8/17,NA
6/8/17,NA
6/8/17,NA
6/8/17,NA
6/8/17,NA
6/8/17,NA
6/8/17,NA
6/8/17,NA
6/8/17,NA
6/8/17,NA
6/8/17,NA
6/8/17,NA
6/8/17,NA
6/9/17,NA
6/9/17,NA
6/9/17,NA
6/9/17,NA
6/9/17,NA
6/9/17,NA
6/9/17,NA
6/9/17,NA
6/9/17,NA
6/9/17,NA
6/9/17,NA
6/9/17,NA
6/9/17,NA
6/9/17,NA
6/9/17,NA
6/9/17,NA
6/9/17,NA
6/9/17,NA
6/9/17,NA
6/9/17,NA
6/9/17,NA
6/9/17,NA
6/9/17,NA
6/9/17,NA
6/10/17,NA
6/10/17,NA
6/10/17,NA
6/10/17,NA
6/10/17,NA
6/10/17,NA
6/10/17,NA
6/10/17,NA
6/10/17,NA
6/10/17,NA
6/10/17,NA
6/10/17,NA
6/10/17,NA
6/10/17,NA
6/10/17,NA
6/10/17,NA
6/10/17,NA
6/10/17,NA
6/10/17,NA
6/10/17,NA
6/10/17,NA
6/10/17,NA
6/10/17,NA
6/10/17,NA
6/11/17,NA
6/11/17,NA
6/11/17,NA
6/11/17,NA
6/11/17,NA
6/11/17,NA
6/11/17,NA
6/11/17,NA
6/11/17,NA
6/11/17,NA
6/11/17,NA
6/11/17,NA
6/11/17,NA
6/11/17,NA
6/11/17,NA
6/11/17,NA
6/11/17,NA
6/11/17,NA
6/11/17,NA
6/11/17,NA
6/11/17,NA
6/11/17,NA
6/11/17,NA
6/11/17,NA
6/12/17,NA
6/12/17,NA
6/12/17,NA
6/12/17,NA
6/12/17,NA
6/12/17,NA
6/12/17,NA
6/12/17,NA
6/12/17,NA
6/12/17,NA
6/12/17,NA
6/12/17,NA
6/12/17,NA
6/12/17,NA
6/12/17,NA
6/12/17,NA
6/12/17,NA
6/12/17,NA
6/12/17,NA
6/12/17,NA
6/12/17,NA
6/12/17,NA
6/12/17,NA
6/12/17,NA
6/13/17,NA
6/13/17,NA
6/13/17,NA
6/13/17,NA
6/13/17,NA
6/13/17,NA
6/13/17,NA
6/13/17,NA
6/13/17,NA
6/13/17,NA
6/13/17,NA
6/13/17,NA
6/13/17,NA
6/13/17,NA
6/13/17,NA
6/13/17,NA
6/13/17,NA
6/13/17,NA
6/13/17,NA
6/13/17,NA
6/13/17,NA
6/13/17,NA
6/13/17,NA
6/13/17,NA
6/14/17,NA
6/14/17,NA
6/14/17,NA
6/14/17,NA
6/14/17,NA
6/14/17,NA
6/14/17,NA
6/14/17,NA
6/14/17,NA
6/14/17,NA
6/14/17,NA
6/14/17,NA
6/14/17,NA
6/14/17,NA
6/14/17,NA
6/14/17,NA
6/14/17,NA
6/14/17,NA
6/14/17,NA
6/14/17,NA
6/14/17,NA
6/14/17,NA
6/14/17,NA
6/14/17,NA
6/15/17,NA
6/15/17,NA
6/15/17,NA
6/15/17,NA
6/15/17,NA
6/15/17,NA
6/15/17,NA
6/15/17,NA
6/15/17,NA
6/15/17,NA
6/15/17,NA
6/15/17,NA
6/15/17,NA
6/15/17,NA
6/15/17,NA
6/15/17,NA
6/15/17,NA
6/15/17,NA
6/15/17,NA
6/15/17,NA
6/15/17,NA
6/15/17,NA
6/15/17,NA
6/15/17,NA
6/16/17,NA
6/16/17,NA
6/16/17,NA
6/16/17,NA
6/16/17,NA
6/16/17,NA
6/16/17,NA
6/16/17,NA
6/16/17,NA
6/16/17,NA
6/16/17,NA
6/16/17,NA
6/16/17,NA
6/16/17,NA
6/16/17,NA
6/16/17,NA
6/16/17,NA
6/16/17,NA
6/16/17,NA
6/16/17,NA
6/16/17,NA
6/16/17,NA
6/16/17,NA
6/16/17,NA
6/17/17,NA
6/17/17,NA
6/17/17,NA
6/17/17,NA
6/17/17,NA
6/17/17,NA
6/17/17,NA
6/17/17,NA
6/17/17,NA
6/17/17,NA
6/17/17,NA
6/17/17,NA
6/17/17,NA
6/17/17,NA
6/17/17,NA
6/17/17,NA
6/17/17,NA
6/17/17,NA
6/17/17,NA
6/17/17,NA
6/17/17,NA
6/17/17,NA
6/17/17,NA
6/17/17,NA
6/18/17,NA
6/18/17,NA
6/18/17,NA
6/18/17,NA
6/18/17,NA
6/18/17,NA
6/18/17,NA
6/18/17,NA
6/18/17,NA
6/18/17,NA
6/18/17,NA
6/18/17,NA
6/18/17,NA
6/18/17,NA
6/18/17,NA
6/18/17,NA
6/18/17,NA
6/18/17,NA
6/18/17,NA
6/18/17,NA
6/18/17,NA
6/18/17,NA
6/18/17,NA
6/18/17,NA
6/19/17,NA
6/19/17,NA
6/19/17,NA
6/19/17,NA
6/19/17,NA
6/19/17,NA
6/19/17,NA
6/19/17,NA
6/19/17,NA
6/19/17,NA
6/19/17,NA
6/19/17,NA
6/19/17,NA
6/19/17,NA
6/19/17,NA
6/19/17,NA
6/19/17,NA
6/19/17,NA
6/19/17,NA
6/19/17,NA
6/19/17,NA
6/19/17,NA
6/19/17,NA
6/19/17,NA
6/20/17,NA
6/20/17,NA
6/20/17,NA
6/20/17,NA
6/20/17,NA
6/20/17,NA
6/20/17,NA
6/20/17,NA
6/20/17,NA
6/20/17,NA
6/20/17,NA
6/20/17,NA
6/20/17,NA
6/20/17,NA
6/20/17,NA
6/20/17,NA
6/20/17,NA
6/20/17,NA
6/20/17,NA
6/20/17,NA
6/20/17,NA
6/20/17,NA
6/20/17,NA
6/20/17,NA
6/21/17,NA
6/21/17,NA
6/21/17,NA
6/21/17,NA
6/21/17,NA
6/21/17,NA
6/21/17,NA
6/21/17,NA
6/21/17,NA
6/21/17,NA
6/21/17,NA
6/21/17,NA
6/21/17,NA
6/21/17,NA
6/21/17,NA
6/21/17,NA
6/21/17,NA
6/21/17,NA
6/21/17,NA
6/21/17,NA
6/21/17,NA
6/21/17,NA
6/21/17,NA
6/21/17,NA
6/22/17,NA
6/22/17,NA
6/22/17,NA
6/22/17,NA
6/22/17,NA
6/22/17,NA
6/22/17,NA
6/22/17,NA
6/22/17,NA
6/22/17,NA
6/22/17,NA
6/22/17,NA
6/22/17,NA
6/22/17,NA
6/22/17,NA
6/22/17,NA
6/22/17,NA
6/22/17,NA
6/22/17,NA
6/22/17,NA
6/22/17,NA
6/22/17,NA
6/22/17,NA
6/22/17,NA
6/23/17,NA
6/23/17,NA
6/23/17,NA
6/23/17,NA
6/23/17,NA
6/23/17,NA
6/23/17,NA
6/23/17,NA
6/23/17,NA
6/23/17,NA
6/23/17,NA
6/23/17,NA
6/23/17,NA
6/23/17,NA
6/23/17,NA
6/23/17,NA
6/23/17,NA
6/23/17,NA
6/23/17,NA
6/23/17,NA
6/23/17,NA
6/23/17,NA
6/23/17,NA
6/23/17,NA
6/24/17,NA
6/24/17,NA
6/24/17,NA
6/24/17,NA
6/24/17,NA
6/24/17,NA
6/24/17,NA
6/24/17,NA
6/24/17,NA
6/24/17,NA
6/24/17,NA
6/24/17,NA
6/24/17,NA
6/24/17,NA
6/24/17,NA
6/24/17,NA
6/24/17,NA
6/24/17,NA
6/24/17,NA
6/24/17,NA
6/24/17,NA
6/24/17,NA
6/24/17,NA
6/24/17,NA
6/25/17,NA
6/25/17,NA
6/25/17,NA
6/25/17,NA
6/25/17,NA
6/25/17,NA
6/25/17,NA
6/25/17,NA
6/25/17,NA
6/25/17,NA
6/25/17,NA
6/25/17,NA
6/25/17,NA
6/25/17,NA
6/25/17,NA
6/25/17,NA
6/25/17,NA
6/25/17,NA
6/25/17,NA
6/25/17,NA
6/25/17,NA
6/25/17,NA
6/25/17,NA
6/25/17,NA
6/26/17,NA
6/26/17,NA
6/26/17,NA
6/26/17,NA
6/26/17,NA
6/26/17,NA
6/26/17,NA
6/26/17,NA
6/26/17,NA
6/26/17,NA
6/26/17,NA
6/26/17,NA
6/26/17,NA
6/26/17,NA
6/26/17,NA
6/26/17,NA
6/26/17,NA
6/26/17,NA
6/26/17,NA
6/26/17,NA
6/26/17,NA
6/26/17,NA
6/26/17,NA
6/26/17,NA
6/27/17,NA
6/27/17,NA
6/27/17,NA
6/27/17,NA
6/27/17,NA
6/27/17,NA
6/27/17,NA
6/27/17,NA
6/27/17,NA
6/27/17,NA
6/27/17,NA
6/27/17,NA
6/27/17,NA
6/27/17,NA
6/27/17,NA
6/27/17,NA
6/27/17,NA
6/27/17,NA
6/27/17,NA
6/27/17,NA
6/27/17,NA
6/27/17,NA
6/27/17,NA
6/27/17,NA
6/28/17,NA
6/28/17,NA
6/28/17,NA
6/28/17,NA
6/28/17,NA
6/28/17,NA
6/28/17,NA
6/28/17,NA
6/28/17,NA
6/28/17,NA
6/28/17,NA
6/28/17,NA
6/28/17,NA
6/28/17,NA
6/28/17,NA
6/28/17,NA
6/28/17,NA
6/28/17,NA
6/28/17,NA
6/28/17,NA
6/28/17,NA
6/28/17,NA
6/28/17,NA
6/28/17,NA
6/29/17,NA
6/29/17,NA
6/29/17,NA
6/29/17,NA
6/29/17,NA
6/29/17,NA
6/29/17,NA
6/29/17,NA
6/29/17,NA
6/29/17,NA
6/29/17,NA
6/29/17,NA
6/29/17,NA
6/29/17,NA
6/29/17,NA
6/29/17,NA
6/29/17,NA
6/29/17,NA
6/29/17,NA
6/29/17,NA
6/29/17,NA
6/29/17,NA
6/29/17,NA
6/29/17,NA
6/30/17,NA
6/30/17,NA
6/30/17,NA
6/30/17,NA
6/30/17,NA
6/30/17,NA
6/30/17,NA
6/30/17,NA
6/30/17,NA
6/30/17,NA
6/30/17,NA
6/30/17,NA
6/30/17,NA
6/30/17,NA
6/30/17,NA
6/30/17,NA
6/30/17,NA
6/30/17,NA
6/30/17,NA
6/30/17,NA
6/30/17,NA
6/30/17,NA
6/30/17,NA
6/30/17,NA
7/1/17,NA
7/1/17,NA
7/1/17,NA
7/1/17,NA
7/1/17,NA
7/1/17,NA
7/1/17,NA
7/1/17,NA
7/1/17,NA
7/1/17,NA
7/1/17,NA
7/1/17,NA
7/1/17,NA
7/1/17,NA
7/1/17,NA
7/1/17,NA
7/1/17,NA
7/1/17,NA
7/1/17,NA
7/1/17,NA
7/1/17,NA
7/1/17,NA
7/1/17,NA
7/1/17,NA
7/2/17,NA
7/2/17,NA
7/2/17,NA
7/2/17,NA
7/2/17,NA
7/2/17,NA
7/2/17,NA
7/2/17,NA
7/2/17,NA
7/2/17,NA
7/2/17,NA
7/2/17,NA
7/2/17,NA
7/2/17,NA
7/2/17,NA
7/2/17,NA
7/2/17,NA
7/2/17,NA
7/2/17,NA
7/2/17,NA
7/2/17,NA
7/2/17,NA
7/2/17,NA
7/2/17,NA
7/3/17,NA
7/3/17,NA
7/3/17,NA
7/3/17,NA
7/3/17,NA
7/3/17,NA
7/3/17,NA
7/3/17,NA
7/3/17,NA
7/3/17,NA
7/3/17,NA
7/3/17,NA
7/3/17,NA
7/3/17,NA
7/3/17,NA
7/3/17,NA
7/3/17,NA
7/3/17,NA
7/3/17,NA
7/3/17,NA
7/3/17,NA
7/3/17,NA
7/3/17,NA
7/3/17,NA
7/4/17,NA
7/4/17,NA
7/4/17,NA
7/4/17,NA
7/4/17,NA
7/4/17,NA
7/4/17,NA
7/4/17,NA
7/4/17,NA
7/4/17,NA
7/4/17,NA
7/4/17,NA
7/4/17,NA
7/4/17,NA
7/4/17,NA
7/4/17,NA
7/4/17,NA
7/4/17,NA
7/4/17,NA
7/4/17,NA
7/4/17,NA
7/4/17,NA
7/4/17,NA
7/4/17,NA
7/5/17,NA
7/5/17,NA
7/5/17,NA
7/5/17,NA
7/5/17,NA
7/5/17,NA
7/5/17,NA
7/5/17,NA
7/5/17,NA
7/5/17,NA
7/5/17,NA
7/5/17,NA
7/5/17,NA
7/5/17,NA
7/5/17,NA
7/5/17,NA
7/5/17,NA
7/5/17,NA
7/5/17,NA
7/5/17,NA
7/5/17,NA
7/5/17,NA
7/5/17,NA
7/5/17,NA
7/6/17,NA
7/6/17,NA
7/6/17,NA
7/6/17,NA
7/6/17,NA
7/6/17,NA
7/6/17,NA
7/6/17,NA
7/6/17,NA
7/6/17,NA
7/6/17,NA
7/6/17,NA
7/6/17,NA
7/6/17,NA
7/6/17,NA
7/6/17,NA
7/6/17,NA
7/6/17,NA
7/6/17,NA
7/6/17,NA
7/6/17,NA
7/6/17,NA
7/6/17,NA
7/6/17,NA
7/7/17,NA
7/7/17,NA
7/7/17,NA
7/7/17,NA
7/7/17,NA
7/7/17,NA
7/7/17,NA
7/7/17,NA
7/7/17,NA
7/7/17,NA
7/7/17,NA
7/7/17,NA
7/7/17,NA
7/7/17,NA
7/7/17,NA
7/7/17,NA
7/7/17,NA
7/7/17,NA
7/7/17,NA
7/7/17,NA
7/7/17,NA
7/7/17,NA
7/7/17,NA
7/7/17,NA
7/8/17,NA
7/8/17,NA
7/8/17,NA
7/8/17,NA
7/8/17,NA
7/8/17,NA
7/8/17,NA
7/8/17,NA
7/8/17,NA
7/8/17,NA
7/8/17,NA
7/8/17,NA
7/8/17,NA
7/8/17,NA
7/8/17,NA
7/8/17,NA
7/8/17,NA
7/8/17,NA
7/8/17,NA
7/8/17,NA
7/8/17,NA
7/8/17,NA
7/8/17,NA
7/8/17,NA
7/9/17,NA
7/9/17,NA
7/9/17,NA
7/9/17,NA
7/9/17,NA
7/9/17,NA
7/9/17,NA
7/9/17,NA
7/9/17,NA
7/9/17,NA
7/9/17,NA
7/9/17,NA
7/9/17,NA
7/9/17,NA
7/9/17,NA
7/9/17,NA
7/9/17,NA
7/9/17,NA
7/9/17,NA
7/9/17,NA
7/9/17,NA
7/9/17,NA
7/9/17,NA
7/9/17,NA
7/10/17,NA
7/10/17,NA
7/10/17,NA
7/10/17,NA
7/10/17,NA
7/10/17,NA
7/10/17,NA
7/10/17,NA
7/10/17,NA
7/10/17,NA
7/10/17,NA
7/10/17,NA
7/10/17,NA
7/10/17,NA
7/10/17,NA
7/10/17,NA
7/10/17,NA
7/10/17,NA
7/10/17,NA
7/10/17,NA
7/10/17,NA
7/10/17,NA
7/10/17,NA
7/10/17,NA
7/11/17,NA
7/11/17,NA
7/11/17,NA
7/11/17,NA
7/11/17,NA
7/11/17,NA
7/11/17,NA
7/11/17,NA
7/11/17,NA
7/11/17,NA
7/11/17,NA
7/11/17,NA
7/11/17,NA
7/11/17,NA
7/11/17,NA
7/11/17,NA
7/11/17,NA
7/11/17,NA
7/11/17,NA
7/11/17,NA
7/11/17,NA
7/11/17,NA
7/11/17,NA
7/11/17,NA
7/12/17,NA
7/12/17,NA
7/12/17,NA
7/12/17,NA
7/12/17,NA
7/12/17,NA
7/12/17,NA
7/12/17,NA
7/12/17,NA
7/12/17,NA
7/12/17,NA
7/12/17,NA
7/12/17,NA
7/12/17,NA
7/12/17,NA
7/12/17,NA
7/12/17,NA
7/12/17,NA
7/12/17,NA
7/12/17,NA
7/12/17,NA
7/12/17,NA
7/12/17,NA
7/12/17,NA
7/13/17,NA
7/13/17,NA
7/13/17,NA
7/13/17,NA
7/13/17,NA
7/13/17,NA
7/13/17,NA
7/13/17,NA
7/13/17,NA
7/13/17,NA
7/13/17,NA
7/13/17,NA
7/13/17,NA
7/13/17,NA
7/13/17,NA
7/13/17,NA
7/13/17,NA
7/13/17,NA
7/13/17,NA
7/13/17,NA
7/13/17,NA
7/13/17,NA
7/13/17,NA
7/13/17,NA
7/14/17,NA
7/14/17,NA
7/14/17,NA
7/14/17,NA
7/14/17,NA
7/14/17,NA
7/14/17,NA
7/14/17,NA
7/14/17,NA
7/14/17,NA
7/14/17,NA
7/14/17,NA
7/14/17,NA
7/14/17,NA
7/14/17,NA
7/14/17,NA
7/14/17,NA
7/14/17,NA
7/14/17,NA
7/14/17,NA
7/14/17,NA
7/14/17,NA
7/14/17,NA
7/14/17,NA
7/15/17,NA
7/15/17,NA
7/15/17,NA
7/15/17,NA
7/15/17,NA
7/15/17,NA
7/15/17,NA
7/15/17,NA
7/15/17,NA
7/15/17,NA
7/15/17,NA
7/15/17,NA
7/15/17,NA
7/15/17,NA
7/15/17,NA
7/15/17,NA
7/15/17,NA
7/15/17,NA
7/15/17,NA
7/15/17,NA
7/15/17,NA
7/15/17,NA
7/15/17,NA
7/15/17,NA
7/16/17,NA
7/16/17,NA
7/16/17,NA
7/16/17,NA
7/16/17,NA
7/16/17,NA
7/16/17,NA
7/16/17,NA
7/16/17,NA
7/16/17,NA
7/16/17,NA
7/16/17,NA
7/16/17,NA
7/16/17,NA
7/16/17,NA
7/16/17,NA
7/16/17,NA
7/16/17,NA
7/16/17,NA
7/16/17,NA
7/16/17,NA
7/16/17,NA
7/16/17,NA
7/16/17,NA
7/17/17,NA
7/17/17,NA
7/17/17,NA
7/17/17,NA
7/17/17,NA
7/17/17,NA
7/17/17,NA
7/17/17,NA
7/17/17,NA
7/17/17,NA
7/17/17,NA
7/17/17,NA
7/17/17,NA
7/17/17,NA
7/17/17,NA
7/17/17,NA
7/17/17,NA
7/17/17,NA
7/17/17,NA
7/17/17,NA
7/17/17,NA
7/17/17,NA
7/17/17,NA
7/17/17,NA
7/18/17,NA
7/18/17,NA
7/18/17,NA
7/18/17,NA
7/18/17,NA
7/18/17,NA
7/18/17,NA
7/18/17,NA
7/18/17,NA
7/18/17,NA
7/18/17,NA
7/18/17,NA
7/18/17,NA
7/18/17,NA
7/18/17,NA
7/18/17,NA
7/18/17,NA
7/18/17,NA
7/18/17,NA
7/18/17,NA
7/18/17,NA
7/18/17,NA
7/18/17,NA
7/18/17,NA
7/19/17,NA
7/19/17,NA
7/19/17,NA
7/19/17,NA
7/19/17,NA
7/19/17,NA
7/19/17,NA
7/19/17,NA
7/19/17,NA
7/19/17,NA
7/19/17,NA
7/19/17,NA
7/19/17,NA
7/19/17,NA
7/19/17,NA
7/19/17,NA
7/19/17,NA
7/19/17,NA
7/19/17,NA
7/19/17,NA
7/19/17,NA
7/19/17,NA
7/19/17,NA
7/19/17,NA
7/20/17,NA
7/20/17,NA
7/20/17,NA
7/20/17,NA
7/20/17,NA
7/20/17,NA
7/20/17,NA
7/20/17,NA
7/20/17,NA
7/20/17,NA
7/20/17,NA
7/20/17,NA
7/20/17,NA
7/20/17,NA
7/20/17,NA
7/20/17,NA
7/20/17,NA
7/20/17,NA
7/20/17,NA
7/20/17,NA
7/20/17,NA
7/20/17,NA
7/20/17,NA
7/20/17,NA
7/21/17,NA
7/21/17,NA
7/21/17,NA
7/21/17,NA
7/21/17,NA
7/21/17,NA
7/21/17,NA
7/21/17,NA
7/21/17,NA
7/21/17,NA
7/21/17,NA
7/21/17,NA
7/21/17,NA
7/21/17,NA
7/21/17,NA
7/21/17,NA
7/21/17,NA
7/21/17,NA
7/21/17,NA
7/21/17,NA
7/21/17,NA
7/21/17,NA
7/21/17,NA
7/21/17,NA
7/22/17,NA
7/22/17,NA
7/22/17,NA
7/22/17,NA
7/22/17,NA
7/22/17,NA
7/22/17,NA
7/22/17,NA
7/22/17,NA
7/22/17,NA
7/22/17,NA
7/22/17,NA
7/22/17,NA
7/22/17,NA
7/22/17,NA
7/22/17,NA
7/22/17,NA
7/22/17,NA
7/22/17,NA
7/22/17,NA
7/22/17,NA
7/22/17,NA
7/22/17,NA
7/22/17,NA
7/23/17,NA
7/23/17,NA
7/23/17,NA
7/23/17,NA
7/23/17,NA
7/23/17,NA
7/23/17,NA
7/23/17,NA
7/23/17,NA
7/23/17,NA
7/23/17,NA
7/23/17,NA
7/23/17,NA
7/23/17,NA
7/23/17,NA
7/23/17,NA
7/23/17,NA
7/23/17,NA
7/23/17,NA
7/23/17,NA
7/23/17,NA
7/23/17,NA
7/23/17,NA
7/23/17,NA
7/24/17,NA
7/24/17,NA
7/24/17,NA
7/24/17,NA
7/24/17,NA
7/24/17,NA
7/24/17,NA
7/24/17,NA
7/24/17,NA
7/24/17,NA
7/24/17,NA
7/24/17,NA
7/24/17,NA
7/24/17,NA
7/24/17,NA
7/24/17,NA
7/24/17,NA
7/24/17,NA
7/24/17,NA
7/24/17,NA
7/24/17,NA
7/24/17,NA
7/24/17,NA
7/24/17,NA
7/25/17,NA
7/25/17,NA
7/25/17,NA
7/25/17,NA
7/25/17,NA
7/25/17,NA
7/25/17,NA
7/25/17,NA
7/25/17,NA
7/25/17,NA
7/25/17,NA
7/25/17,NA
7/25/17,NA
7/25/17,NA
7/25/17,NA
7/25/17,NA
7/25/17,NA
7/25/17,NA
7/25/17,NA
7/25/17,NA
7/25/17,NA
7/25/17,NA
7/25/17,NA
7/25/17,NA
7/26/17,NA
7/26/17,NA
7/26/17,NA
7/26/17,NA
7/26/17,NA
7/26/17,NA
7/26/17,NA
7/26/17,NA
7/26/17,NA
7/26/17,NA
7/26/17,NA
7/26/17,NA
7/26/17,NA
7/26/17,NA
7/26/17,NA
7/26/17,NA
7/26/17,NA
7/26/17,NA
7/26/17,NA
7/26/17,NA
7/26/17,NA
7/26/17,NA
7/26/17,NA
7/26/17,NA
7/27/17,NA
7/27/17,NA
7/27/17,NA
7/27/17,NA
7/27/17,NA
7/27/17,NA
7/27/17,NA
7/27/17,NA
7/27/17,NA
7/27/17,NA
7/27/17,NA
7/27/17,NA
7/27/17,NA
7/27/17,NA
7/27/17,NA
7/27/17,NA
7/27/17,NA
7/27/17,NA
7/27/17,NA
7/27/17,NA
7/27/17,NA
7/27/17,NA
7/27/17,NA
7/27/17,NA
7/28/17,NA
7/28/17,NA
7/28/17,NA
7/28/17,NA
7/28/17,NA
7/28/17,NA
7/28/17,NA
7/28/17,NA
7/28/17,NA
7/28/17,NA
7/28/17,NA
7/28/17,NA
7/28/17,NA
7/28/17,NA
7/28/17,NA
7/28/17,NA
7/28/17,NA
7/28/17,NA
7/28/17,NA
7/28/17,NA
7/28/17,NA
7/28/17,NA
7/28/17,NA
7/28/17,NA
7/29/17,NA
7/29/17,NA
7/29/17,NA
7/29/17,NA
7/29/17,NA
7/29/17,NA
7/29/17,NA
7/29/17,NA
7/29/17,NA
7/29/17,NA
7/29/17,NA
7/29/17,NA
7/29/17,NA
7/29/17,NA
7/29/17,NA
7/29/17,NA
7/29/17,NA
7/29/17,NA
7/29/17,NA
7/29/17,NA
7/29/17,NA
7/29/17,NA
7/29/17,NA
7/29/17,NA
7/30/17,NA
7/30/17,NA
7/30/17,NA
7/30/17,NA
7/30/17,NA
7/30/17,NA
7/30/17,NA
7/30/17,NA
7/30/17,NA
7/30/17,NA
7/30/17,NA
7/30/17,NA
7/30/17,NA
7/30/17,NA
7/30/17,NA
7/30/17,NA
7/30/17,NA
7/30/17,NA
7/30/17,NA
7/30/17,NA
7/30/17,NA
7/30/17,NA
7/30/17,NA
7/30/17,NA
7/31/17,NA
7/31/17,NA
7/31/17,NA
7/31/17,NA
7/31/17,NA
7/31/17,NA
7/31/17,NA
7/31/17,NA
7/31/17,NA
7/31/17,NA
7/31/17,NA
7/31/17,NA
7/31/17,NA
7/31/17,NA
7/31/17,NA
7/31/17,NA
7/31/17,NA
7/31/17,NA
7/31/17,NA
7/31/17,NA
7/31/17,NA
7/31/17,NA
7/31/17,NA
7/31/17,NA
8/1/17,NA
8/1/17,NA
8/1/17,NA
8/1/17,NA
8/1/17,NA
8/1/17,NA
8/1/17,NA
8/1/17,NA
8/1/17,NA
8/1/17,NA
8/1/17,NA
8/1/17,NA
8/1/17,NA
8/1/17,NA
8/1/17,NA
8/1/17,NA
8/1/17,NA
8/1/17,NA
8/1/17,NA
8/1/17,NA
8/1/17,NA
8/1/17,NA
8/1/17,NA
8/1/17,NA
8/2/17,NA
8/2/17,NA
8/2/17,NA
8/2/17,NA
8/2/17,NA
8/2/17,NA
8/2/17,NA
8/2/17,NA
8/2/17,NA
8/2/17,NA
8/2/17,NA
8/2/17,NA
8/2/17,NA
8/2/17,NA
8/2/17,NA
8/2/17,NA
8/2/17,NA
8/2/17,NA
8/2/17,NA
8/2/17,NA
8/2/17,NA
8/2/17,NA
8/2/17,NA
8/2/17,NA
8/3/17,NA
8/3/17,NA
8/3/17,NA
8/3/17,NA
8/3/17,NA
8/3/17,NA
8/3/17,NA
8/3/17,NA
8/3/17,NA
8/3/17,NA
8/3/17,NA
8/3/17,NA
8/3/17,NA
8/3/17,NA
8/3/17,NA
8/3/17,NA
8/3/17,NA
8/3/17,NA
8/3/17,NA
8/3/17,NA
8/3/17,NA
8/3/17,NA
8/3/17,NA
8/3/17,NA
8/4/17,NA
8/4/17,NA
8/4/17,NA
8/4/17,NA
8/4/17,NA
8/4/17,NA
8/4/17,NA
8/4/17,NA
8/4/17,NA
8/4/17,NA
8/4/17,NA
8/4/17,NA
8/4/17,NA
8/4/17,NA
8/4/17,NA
8/4/17,NA
8/4/17,NA
8/4/17,NA
8/4/17,NA
8/4/17,NA
8/4/17,NA
8/4/17,NA
8/4/17,NA
8/4/17,NA
8/5/17,NA
8/5/17,NA
8/5/17,NA
8/5/17,NA
8/5/17,NA
8/5/17,NA
8/5/17,NA
8/5/17,NA
8/5/17,NA
8/5/17,NA
8/5/17,NA
8/5/17,NA
8/5/17,NA
8/5/17,NA
8/5/17,NA
8/5/17,NA
8/5/17,NA
8/5/17,NA
8/5/17,NA
8/5/17,NA
8/5/17,NA
8/5/17,NA
8/5/17,NA
8/5/17,NA
8/6/17,NA
8/6/17,NA
8/6/17,NA
8/6/17,NA
8/6/17,NA
8/6/17,NA
8/6/17,NA
8/6/17,NA
8/6/17,NA
8/6/17,NA
8/6/17,NA
8/6/17,NA
8/6/17,NA
8/6/17,NA
8/6/17,NA
8/6/17,NA
8/6/17,NA
8/6/17,NA
8/6/17,NA
8/6/17,NA
8/6/17,NA
8/6/17,NA
8/6/17,NA
8/6/17,NA
8/7/17,NA
8/7/17,NA
8/7/17,NA
8/7/17,NA
8/7/17,NA
8/7/17,NA
8/7/17,NA
8/7/17,NA
8/7/17,NA
8/7/17,NA
8/7/17,NA
8/7/17,NA
8/7/17,NA
8/7/17,NA
8/7/17,NA
8/7/17,NA
8/7/17,NA
8/7/17,NA
8/7/17,NA
8/7/17,NA
8/7/17,NA
8/7/17,NA
8/7/17,NA
8/7/17,NA
8/8/17,NA
8/8/17,NA
8/8/17,NA
8/8/17,NA
8/8/17,NA
8/8/17,NA
8/8/17,NA
8/8/17,NA
8/8/17,NA
8/8/17,NA
8/8/17,NA
8/8/17,NA
8/8/17,NA
8/8/17,NA
8/8/17,NA
8/8/17,NA
8/8/17,NA
8/8/17,NA
8/8/17,NA
8/8/17,NA
8/8/17,NA
8/8/17,NA
8/8/17,NA
8/8/17,NA
8/9/17,NA
8/9/17,NA
8/9/17,NA
8/9/17,NA
8/9/17,NA
8/9/17,NA
8/9/17,NA
8/9/17,NA
8/9/17,NA
8/9/17,NA
8/9/17,NA
8/9/17,NA
8/9/17,NA
8/9/17,NA
8/9/17,NA
8/9/17,NA
8/9/17,NA
8/9/17,NA
8/9/17,NA
8/9/17,NA
8/9/17,NA
8/9/17,NA
8/9/17,NA
8/9/17,NA
8/10/17,NA
8/10/17,NA
8/10/17,NA
8/10/17,NA
8/10/17,NA
8/10/17,NA
8/10/17,NA
8/10/17,NA
8/10/17,NA
8/10/17,NA
8/10/17,NA
8/10/17,NA
8/10/17,NA
8/10/17,NA
8/10/17,NA
8/10/17,NA
8/10/17,NA
8/10/17,NA
8/10/17,NA
8/10/17,NA
8/10/17,NA
8/10/17,NA
8/10/17,NA
8/10/17,NA
8/11/17,NA
8/11/17,NA
8/11/17,NA
8/11/17,NA
8/11/17,NA
8/11/17,NA
8/11/17,NA
8/11/17,NA
8/11/17,NA
8/11/17,NA
8/11/17,NA
8/11/17,NA
8/11/17,NA
8/11/17,NA
8/11/17,NA
8/11/17,NA
8/11/17,NA
8/11/17,NA
8/11/17,NA
8/11/17,NA
8/11/17,NA
8/11/17,NA
8/11/17,NA
8/11/17,NA
8/12/17,NA
8/12/17,NA
8/12/17,NA
8/12/17,NA
8/12/17,NA
8/12/17,NA
8/12/17,NA
8/12/17,NA
8/12/17,NA
8/12/17,NA
8/12/17,NA
8/12/17,NA
8/12/17,NA
8/12/17,NA
8/12/17,NA
8/12/17,NA
8/12/17,NA
8/12/17,NA
8/12/17,NA
8/12/17,NA
8/12/17,NA
8/12/17,NA
8/12/17,NA
8/12/17,NA
8/13/17,NA
8/13/17,NA
8/13/17,NA
8/13/17,NA
8/13/17,NA
8/13/17,NA
8/13/17,NA
8/13/17,NA
8/13/17,NA
8/13/17,NA
8/13/17,NA
8/13/17,NA
8/13/17,NA
8/13/17,NA
8/13/17,NA
8/13/17,NA
8/13/17,NA
8/13/17,NA
8/13/17,NA
8/13/17,NA
8/13/17,NA
8/13/17,NA
8/13/17,NA
8/13/17,NA
8/14/17,NA
8/14/17,NA
8/14/17,NA
8/14/17,NA
8/14/17,NA
8/14/17,NA
8/14/17,NA
8/14/17,NA
8/14/17,NA
8/14/17,NA
8/14/17,NA
8/14/17,NA
8/14/17,NA
8/14/17,NA
8/14/17,NA
8/14/17,NA
8/14/17,NA
8/14/17,NA
8/14/17,NA
8/14/17,NA
8/14/17,NA
8/14/17,NA
8/14/17,NA
8/14/17,NA
8/15/17,NA
8/15/17,NA
8/15/17,NA
8/15/17,NA
8/15/17,NA
8/15/17,NA
8/15/17,NA
8/15/17,NA
8/15/17,NA
8/15/17,NA
8/15/17,NA
8/15/17,NA
8/15/17,NA
8/15/17,NA
8/15/17,NA
8/15/17,NA
8/15/17,NA
8/15/17,NA
8/15/17,NA
8/15/17,NA
8/15/17,NA
8/15/17,NA
8/15/17,NA
8/15/17,NA
8/16/17,NA
8/16/17,NA
8/16/17,NA
8/16/17,NA
8/16/17,NA
8/16/17,NA
8/16/17,NA
8/16/17,NA
8/16/17,NA
8/16/17,NA
8/16/17,NA
8/16/17,NA
8/16/17,NA
8/16/17,NA
8/16/17,NA
8/16/17,NA
8/16/17,NA
8/16/17,15
8/16/17,15
8/16/17,16
8/16/17,15
8/16/17,15
8/16/17,15
8/16/17,15
8/17/17,15
8/17/17,15
8/17/17,14
8/17/17,14
8/17/17,15
8/17/17,14
8/17/17,13
8/17/17,13
8/17/17,14
8/17/17,13
8/17/17,15
8/17/17,15
8/17/17,14
8/17/17,14
8/17/17,13
8/17/17,14
8/17/17,13
8/17/17,14
8/17/17,15
8/17/17,14
8/17/17,15
8/17/17,14
8/17/17,15
8/17/17,15
8/18/17,15
8/18/17,14
8/18/17,14
8/18/17,15
8/18/17,14
8/18/17,14
8/18/17,14
8/18/17,13
8/18/17,13
8/18/17,13
8/18/17,12
8/18/17,13
8/18/17,14
8/18/17,14
8/18/17,14
8/18/17,14
8/18/17,13
8/18/17,13
8/18/17,13
8/18/17,14
8/18/17,14
8/18/17,14
8/18/17,13
8/18/17,13
8/19/17,14
8/19/17,14
8/19/17,12
8/19/17,13
8/19/17,12
8/19/17,14
8/19/17,13
8/19/17,13
8/19/17,13
8/19/17,12
8/19/17,12
8/19/17,12
8/19/17,12
8/19/17,13
8/19/17,13
8/19/17,14
8/19/17,14
8/19/17,14
8/19/17,14
8/19/17,14
8/19/17,15
8/19/17,12
8/19/17,12
8/19/17,13
8/20/17,13
8/20/17,12
8/20/17,12
8/20/17,13
8/20/17,13
8/20/17,12
8/20/17,12
8/20/17,11
8/20/17,11
8/20/17,11
8/20/17,11
8/20/17,11
8/20/17,12
8/20/17,12
8/20/17,12
8/20/17,12
8/20/17,12
8/20/17,12
8/20/17,13
8/20/17,13
8/20/17,13
8/20/17,12
8/20/17,11
8/20/17,12
8/21/17,13
8/21/17,13
8/21/17,12
8/21/17,13
8/21/17,11
8/21/17,12
8/21/17,13
8/21/17,13
8/21/17,12
8/21/17,12
8/21/17,12
8/21/17,11
8/21/17,11
8/21/17,11
8/21/17,12
8/21/17,12
8/21/17,12
8/21/17,12
8/21/17,12
8/21/17,13
8/21/17,13
8/21/17,13
8/21/17,11
8/21/17,11
8/22/17,12
8/22/17,12
8/22/17,12
8/22/17,13
8/22/17,12
8/22/17,12
8/22/17,12
8/22/17,12
8/22/17,12
8/22/17,12
8/22/17,12
8/22/17,12
8/22/17,11
8/22/17,11
8/22/17,11
8/22/17,12
8/22/17,12
8/22/17,12
8/22/17,12
8/22/17,12
8/22/17,13
8/22/17,12
8/22/17,11
8/22/17,11
8/23/17,11
8/23/17,12
8/23/17,13
8/23/17,12
8/23/17,12
8/23/17,12
8/23/17,12
8/23/17,11
8/23/17,12
8/23/17,12
8/23/17,12
8/23/17,12
8/23/17,12
8/23/17,12
8/23/17,12
8/23/17,12
8/23/17,12
8/23/17,12
8/23/17,12
8/23/17,12
8/23/17,12
8/23/17,12
8/23/17,12
8/23/17,12
8/24/17,12
8/24/17,12
8/24/17,12
8/24/17,12
8/24/17,12
8/24/17,12
8/24/17,13
8/24/17,13
8/24/17,12
8/24/17,13
8/24/17,12
8/24/17,13
8/24/17,12
8/24/17,12
8/24/17,12
8/24/17,12
8/24/17,12
8/24/17,13
8/24/17,13
8/24/17,13
8/24/17,12
8/24/17,13
8/24/17,13
8/24/17,12
8/25/17,12
8/25/17,12
8/25/17,12
8/25/17,12
8/25/17,12
8/25/17,12
8/25/17,13
8/25/17,13
8/25/17,13
8/25/17,13
8/25/17,13
8/25/17,12
8/25/17,12
8/25/17,12
8/25/17,12
8/25/17,11
8/25/17,12
8/25/17,12
8/25/17,12
8/25/17,13
8/25/17,13
8/25/17,13
8/25/17,13
8/25/17,12
8/26/17,12
8/26/17,12
8/26/17,11
8/26/17,11
8/26/17,12
8/26/17,12
8/26/17,12
8/26/17,12
8/26/17,13
8/26/17,13
8/26/17,13
8/26/17,13
8/26/17,12
8/26/17,12
8/26/17,12
8/26/17,12
8/26/17,12
8/26/17,12
8/26/17,13
8/26/17,13
8/26/17,13
8/26/17,13
8/26/17,14
8/26/17,14
8/27/17,15
8/27/17,13
8/27/17,13
8/27/17,12
8/27/17,13
8/27/17,12
8/27/17,12
8/27/17,13
8/27/17,14
8/27/17,13
8/27/17,13
8/27/17,13
8/27/17,14
8/27/17,14
8/27/17,13
8/27/17,13
8/27/17,13
8/27/17,12
8/27/17,12
8/27/17,12
8/27/17,13
8/27/17,13
8/27/17,15
8/27/17,14
8/28/17,14
8/28/17,13
8/28/17,13
8/28/17,11
8/28/17,12
8/28/17,12
8/28/17,13
8/28/17,13
8/28/17,14
8/28/17,13
8/28/17,14
8/28/17,13
8/28/17,13
8/28/17,13
8/28/17,13
8/28/17,13
8/28/17,13
8/28/17,13
8/28/17,12
8/28/17,12
8/28/17,14
8/28/17,14
8/28/17,15
8/28/17,15
8/29/17,13
8/29/17,13
8/29/17,13
8/29/17,13
8/29/17,13
8/29/17,13
8/29/17,13
8/29/17,14
8/29/17,13
8/29/17,15
8/29/17,15
8/29/17,15
8/29/17,14
8/29/17,14
8/29/17,14
8/29/17,13
8/29/17,13
8/29/17,12
8/29/17,13
8/29/17,15
8/29/17,15
8/29/17,16
8/29/17,14
8/29/17,15
8/30/17,14
8/30/17,15
8/30/17,16
8/30/17,16
8/30/17,15
8/30/17,16
8/30/17,17
8/30/17,17
8/30/17,17
8/30/17,18
8/30/17,18
8/30/17,18
8/30/17,17
8/30/17,18
8/30/17,17
8/30/17,17
8/30/17,18
8/30/17,17
8/30/17,17
8/30/17,17
8/30/17,17
8/30/17,17
8/30/17,17
8/30/17,17
8/31/17,16
8/31/17,17
8/31/17,17
8/31/17,16
8/31/17,16
8/31/17,17
8/31/17,17
8/31/17,17
8/31/17,17
8/31/17,18
8/31/17,17
8/31/17,17
8/31/17,17
8/31/17,17
8/31/17,15
8/31/17,16
8/31/17,16
8/31/17,16
8/31/17,16
8/31/17,16
8/31/17,17
8/31/17,17
8/31/17,17
8/31/17,16
9/1/17,15
9/1/17,15
9/1/17,15
9/1/17,17
9/1/17,15
9/1/17,14
9/1/17,14
9/1/17,14
9/1/17,16
9/1/17,16
9/1/17,17
9/1/17,16
9/1/17,17
9/1/17,17
9/1/17,15
9/1/17,15
9/1/17,15
9/1/17,14
9/1/17,14
9/1/17,15
9/1/17,14
9/1/17,13
9/1/17,15
9/1/17,16
9/2/17,16
9/2/17,16
9/2/17,14
9/2/17,14
9/2/17,15
9/2/17,14
9/2/17,14
9/2/17,14
9/2/17,13
9/2/17,13
9/2/17,13
9/2/17,15
9/2/17,16
9/2/17,14
9/2/17,18
9/2/17,17
9/2/17,16
9/2/17,16
9/2/17,13
9/2/17,12
9/2/17,13
9/2/17,12
9/2/17,12
9/2/17,12
9/3/17,15
9/3/17,16
9/3/17,15
9/3/17,14
9/3/17,14
9/3/17,15
9/3/17,14
9/3/17,12
9/3/17,12
9/3/17,12
9/3/17,12
9/3/17,12
9/3/17,15
9/3/17,14
9/3/17,15
9/3/17,15
9/3/17,16
9/3/17,17
9/3/17,17
9/3/17,15
9/3/17,15
9/3/17,13
9/3/17,13
9/3/17,12
9/4/17,13
9/4/17,14
9/4/17,14
9/4/17,15
9/4/17,15
9/4/17,13
9/4/17,14
9/4/17,13
9/4/17,12
9/4/17,13
9/4/17,12
9/4/17,12
9/4/17,12
9/4/17,13
9/4/17,14
9/4/17,16
9/4/17,16
9/4/17,13
9/4/17,13
9/4/17,16
9/4/17,17
9/4/17,12
9/4/17,12
9/4/17,12
9/5/17,12
9/5/17,13
9/5/17,13
9/5/17,13
9/5/17,14
9/5/17,14
9/5/17,14
9/5/17,14
9/5/17,13
9/5/17,12
9/5/17,12
9/5/17,12
9/5/17,12
9/5/17,12
9/5/17,15
9/5/17,15
9/5/17,15
9/5/17,14
9/5/17,14
9/5/17,14
9/5/17,13
9/5/17,13
9/5/17,12
9/5/17,12
9/6/17,12
9/6/17,13
9/6/17,13
9/6/17,13
9/6/17,13
9/6/17,13
9/6/17,12
9/6/17,15
9/6/17,13
9/6/17,12
9/6/17,13
9/6/17,12
9/6/17,12
9/6/17,12
9/6/17,13
9/6/17,13
9/6/17,14
9/6/17,14
9/6/17,14
9/6/17,13
9/6/17,13
9/6/17,13
9/6/17,12
9/6/17,12
9/7/17,13
9/7/17,12
9/7/17,13
9/7/17,13
9/7/17,13
9/7/17,13
9/7/17,12
9/7/17,14
9/7/17,13
9/7/17,13
9/7/17,12
9/7/17,12
9/7/17,12
9/7/17,12
9/7/17,12
9/7/17,12
9/7/17,13
9/7/17,13
9/7/17,13
9/7/17,13
9/7/17,13
9/7/17,14
9/7/17,13
9/7/17,12
9/8/17,12
9/8/17,12
9/8/17,12
9/8/17,13
9/8/17,13
9/8/17,14
9/8/17,14
9/8/17,13
9/8/17,13
9/8/17,13
9/8/17,13
9/8/17,12
9/8/17,11
9/8/17,11
9/8/17,11
9/8/17,12
9/8/17,12
9/8/17,13
9/8/17,14
9/8/17,14
9/8/17,14
9/8/17,14
9/8/17,13
9/8/17,11
9/9/17,11
9/9/17,11
9/9/17,11
9/9/17,12
9/9/17,12
9/9/17,13
9/9/17,14
9/9/17,13
9/9/17,13
9/9/17,13
9/9/17,13
9/9/17,13
9/9/17,12
9/9/17,11
9/9/17,11
9/9/17,12
9/9/17,13
9/9/17,13
9/9/17,13
9/9/17,13
9/9/17,13
9/9/17,13
9/9/17,13
9/9/17,13
9/10/17,13
9/10/17,12
9/10/17,12
9/10/17,12
9/10/17,12
9/10/17,13
9/10/17,13
9/10/17,13
9/10/17,13
9/10/17,13
9/10/17,13
9/10/17,13
9/10/17,13
9/10/17,13
9/10/17,12
9/10/17,12
9/10/17,12
9/10/17,12
9/10/17,13
9/10/17,13
9/10/17,13
9/10/17,14
9/10/17,13
9/10/17,14
9/11/17,13
9/11/17,13
9/11/17,13
9/11/17,12
9/11/17,12
9/11/17,12
9/11/17,11
9/11/17,13
9/11/17,12
9/11/17,13
9/11/17,13
9/11/17,14
9/11/17,13
9/11/17,13
9/11/17,12
9/11/17,11
9/11/17,11
9/11/17,12
9/11/17,12
9/11/17,12
9/11/17,13
9/11/17,14
9/11/17,14
9/11/17,15
9/12/17,13
9/12/17,12
9/12/17,11
9/12/17,12
9/12/17,12
9/12/17,12
9/12/17,12
9/12/17,12
9/12/17,12
9/12/17,12
9/12/17,13
9/12/17,13
9/12/17,14
9/12/17,14
9/12/17,13
9/12/17,12
9/12/17,11
9/12/17,11
9/12/17,11
9/12/17,11
9/12/17,11
9/12/17,11
9/12/17,13
9/12/17,13
9/13/17,12
9/13/17,13
9/13/17,12
9/13/17,11
9/13/17,11
9/13/17,11
9/13/17,11
9/13/17,11
9/13/17,12
9/13/17,12
9/13/17,13
9/13/17,13
9/13/17,13
9/13/17,13
9/13/17,13
9/13/17,13
9/13/17,11
9/13/17,11
9/13/17,11
9/13/17,11
9/13/17,11
9/13/17,11
9/13/17,13
9/13/17,12
9/14/17,13
9/14/17,12
9/14/17,11
9/14/17,11
9/14/17,11
9/14/17,11
9/14/17,11
9/14/17,12
9/14/17,12
9/14/17,12
9/14/17,12
9/14/17,13
9/14/17,12
9/14/17,13
9/14/17,12
9/14/17,12
9/14/17,12
9/14/17,12
9/14/17,11
9/14/17,11
9/14/17,12
9/14/17,12
9/14/17,12
9/14/17,12
9/15/17,12
9/15/17,12
9/15/17,12
9/15/17,12
9/15/17,12
9/15/17,12
9/15/17,12
9/15/17,12
9/15/17,12
9/15/17,12
9/15/17,12
9/15/17,12
9/15/17,12
9/15/17,12
9/15/17,12
9/15/17,12
9/15/17,12
9/15/17,12
9/15/17,12
9/15/17,12
9/15/17,12
9/15/17,12
9/15/17,13
9/15/17,13
9/16/17,13
9/16/17,12
9/16/17,13
9/16/17,12
9/16/17,13
9/16/17,13
9/16/17,12
9/16/17,12
9/16/17,12
9/16/17,12
9/16/17,12
9/16/17,12
9/16/17,13
9/16/17,12
9/16/17,12
9/16/17,12
9/16/17,12
9/16/17,12
9/16/17,12
9/16/17,12
9/16/17,12
9/16/17,12
9/16/17,12
9/16/17,13
9/17/17,13
9/17/17,13
9/17/17,13
9/17/17,13
9/17/17,13
9/17/17,13
9/17/17,13
9/17/17,13
9/17/17,12
9/17/17,12
9/17/17,12
9/17/17,12
9/17/17,12
9/17/17,12
9/17/17,12
9/17/17,12
9/17/17,12
9/17/17,12
9/17/17,12
9/17/17,12
9/17/17,11
9/17/17,11
9/17/17,12
9/17/17,12
9/18/17,12
9/18/17,12
9/18/17,12
9/18/17,12
9/18/17,12
9/18/17,12
9/18/17,12
9/18/17,12
9/18/17,12
9/18/17,12
9/18/17,12
9/18/17,12
9/18/17,12
9/18/17,12
9/18/17,12
9/18/17,12
9/18/17,12
9/18/17,12
9/18/17,12
9/18/17,12
9/18/17,12
9/18/17,12
9/18/17,11
9/18/17,12
9/19/17,12
9/19/17,12
9/19/17,12
9/19/17,12
9/19/17,12
9/19/17,12
9/19/17,12
9/19/17,12
9/19/17,12
9/19/17,11
9/19/17,12
9/19/17,11
9/19/17,12
9/19/17,12
9/19/17,12
9/19/17,12
9/19/17,12
9/19/17,12
9/19/17,12
9/19/17,12
9/19/17,12
9/19/17,12
9/19/17,11
9/19/17,11
9/20/17,12
9/20/17,12
9/20/17,12
9/20/17,12
9/20/17,12
9/20/17,12
9/20/17,12
9/20/17,12
9/20/17,13
9/20/17,12
9/20/17,12
9/20/17,11
9/20/17,11
9/20/17,11
9/20/17,11
9/20/17,11
9/20/17,12
9/20/17,12
9/20/17,12
9/20/17,12
9/20/17,12
9/20/17,12
9/20/17,12
9/20/17,12
9/21/17,11
9/21/17,12
9/21/17,11
9/21/17,11
9/21/17,12
9/21/17,12
9/21/17,12
9/21/17,11
9/21/17,12
9/21/17,12
9/21/17,12
9/21/17,12
9/21/17,11
9/21/17,11
9/21/17,11
9/21/17,11
9/21/17,11
9/21/17,12
9/21/17,12
9/21/17,12
9/21/17,12
9/21/17,12
9/21/17,12
9/21/17,12
9/22/17,11
9/22/17,11
9/22/17,11
9/22/17,11
9/22/17,11
9/22/17,11
9/22/17,12
9/22/17,11
9/22/17,11
9/22/17,12
9/22/17,12
9/22/17,12
9/22/17,11
9/22/17,11
9/22/17,11
9/22/17,11
9/22/17,11
9/22/17,11
9/22/17,11
9/22/17,12
9/22/17,12
9/22/17,12
9/22/17,12
9/22/17,12
9/23/17,12
9/23/17,11
9/23/17,11
9/23/17,11
9/23/17,11
9/23/17,11
9/23/17,11
9/23/17,11
9/23/17,11
9/23/17,11
9/23/17,11
9/23/17,12
9/23/17,12
9/23/17,11
9/23/17,11
9/23/17,11
9/23/17,11
9/23/17,11
9/23/17,11
9/23/17,12
9/23/17,12
9/23/17,12
9/23/17,11
9/23/17,12
9/24/17,11
9/24/17,11
9/24/17,11
9/24/17,11
9/24/17,11
9/24/17,11
9/24/17,11
9/24/17,12
9/24/17,11
9/24/17,11
9/24/17,11
9/24/17,12
9/24/17,12
9/24/17,12
9/24/17,11
9/24/17,11
9/24/17,11
9/24/17,11
9/24/17,11
9/24/17,11
9/24/17,11
9/24/17,12
9/24/17,12
9/24/17,12
9/25/17,12
9/25/17,11
9/25/17,12
9/25/17,11
9/25/17,11
9/25/17,11
9/25/17,11
9/25/17,11
9/25/17,11
9/25/17,11
9/25/17,11
9/25/17,11
9/25/17,12
9/25/17,11
9/25/17,11
9/25/17,11
9/25/17,11
9/25/17,11
9/25/17,11
9/25/17,11
9/25/17,11
9/25/17,12
9/25/17,12
9/25/17,11
9/26/17,12
9/26/17,12
9/26/17,11
9/26/17,11
9/26/17,11
9/26/17,11
9/26/17,11
9/26/17,12
9/26/17,11
9/26/17,11
9/26/17,11
9/26/17,12
9/26/17,12
9/26/17,12
9/26/17,12
9/26/17,11
9/26/17,11
9/26/17,11
9/26/17,11
9/26/17,11
9/26/17,11
9/26/17,12
9/26/17,12
9/26/17,12
9/27/17,12
9/27/17,12
9/27/17,11
9/27/17,11
9/27/17,11
9/27/17,11
9/27/17,11
9/27/17,11
9/27/17,11
9/27/17,11
9/27/17,12
9/27/17,11
9/27/17,12
9/27/17,12
9/27/17,12
9/27/17,12
9/27/17,11
9/27/17,11
9/27/17,11
9/27/17,11
9/27/17,11
9/27/17,12
9/27/17,13
9/27/17,12
9/28/17,12
9/28/17,12
9/28/17,12
9/28/17,11
9/28/17,11
9/28/17,11
9/28/17,11
9/28/17,11
9/28/17,12
9/28/17,12
9/28/17,12
9/28/17,11
9/28/17,12
9/28/17,12
9/28/17,12
9/28/17,12
9/28/17,NA
9/28/17,11
9/28/17,11
9/28/17,11
9/28/17,11
9/28/17,12
9/28/17,12
9/28/17,13
9/29/17,12
9/29/17,12
9/29/17,12
9/29/17,12
9/29/17,12
9/29/17,12
9/29/17,12
9/29/17,12
9/29/17,12
9/29/17,12
9/29/17,12
9/29/17,12
9/29/17,12
9/29/17,12
9/29/17,12
9/29/17,12
9/29/17,12
9/29/17,12
9/29/17,12
9/29/17,12
9/29/17,12
9/29/17,12
9/29/17,12
9/29/17,12
9/30/17,12
9/30/17,12
9/30/17,12
9/30/17,12
9/30/17,12
9/30/17,12
9/30/17,12
9/30/17,12
9/30/17,13
9/30/17,13
9/30/17,13
9/30/17,12
9/30/17,12
9/30/17,12
9/30/17,12
9/30/17,12
9/30/17,12
9/30/17,12
9/30/17,12
9/30/17,12
9/30/17,12
9/30/17,12
9/30/17,12
9/30/17,13
10/1/17,13
10/1/17,13
10/1/17,12
10/1/17,12
10/1/17,12
10/1/17,12
10/1/17,12
10/1/17,12
10/1/17,12
10/1/17,12
10/1/17,12
10/1/17,12
10/1/17,12
10/1/17,12
10/1/17,12
10/1/17,12
10/1/17,12
10/1/17,12
10/1/17,12
10/1/17,12
10/1/17,12
10/1/17,12
10/1/17,12
10/1/17,12
10/2/17,12
10/2/17,12
10/2/17,12
10/2/17,12
10/2/17,11
10/2/17,11
10/2/17,12
10/2/17,12
10/2/17,12
10/2/17,12
10/2/17,12
10/2/17,12
10/2/17,12
10/2/17,12
10/2/17,12
10/2/17,12
10/2/17,12
10/2/17,12
10/2/17,12
10/2/17,12
10/2/17,11
10/2/17,11
10/2/17,11
10/2/17,11
10/3/17,12
10/3/17,11
10/3/17,12
10/3/17,12
10/3/17,12
10/3/17,12
10/3/17,12
10/3/17,12
10/3/17,11
10/3/17,11
10/3/17,11
10/3/17,11
10/3/17,11
10/3/17,11
10/3/17,11
10/3/17,12
10/3/17,11
10/3/17,11
10/3/17,11
10/3/17,12
10/3/17,12
10/3/17,11
10/3/17,11
10/3/17,11
10/4/17,11
10/4/17,11
10/4/17,11
10/4/17,12
10/4/17,12
10/4/17,12
10/4/17,12
10/4/17,12
10/4/17,12
10/4/17,11
10/4/17,11
10/4/17,11
10/4/17,11
10/4/17,11
10/4/17,11
10/4/17,11
10/4/17,11
10/4/17,11
10/4/17,11
10/4/17,12
10/4/17,12
10/4/17,11
10/4/17,11
10/4/17,NA
10/5/17,11
10/5/17,11
10/5/17,11
10/5/17,11
10/5/17,11
10/5/17,12
10/5/17,12
10/5/17,11
10/5/17,11
10/5/17,11
10/5/17,11
10/5/17,11
10/5/17,11
10/5/17,11
10/5/17,11
10/5/17,11
10/5/17,11
10/5/17,11
10/5/17,11
10/5/17,11
10/5/17,11
10/5/17,11
10/5/17,11
10/5/17,11
10/6/17,11
10/6/17,11
10/6/17,11
10/6/17,11
10/6/17,11
10/6/17,11
10/6/17,11
10/6/17,11
10/6/17,11
10/6/17,11
10/6/17,11
10/6/17,11
10/6/17,11
10/6/17,11
10/6/17,11
10/6/17,11
10/6/17,11
10/6/17,11
10/6/17,11
10/6/17,11
10/6/17,11
10/6/17,11
10/6/17,11
10/6/17,11
10/7/17,11
10/7/17,11
10/7/17,11
10/7/17,11
10/7/17,11
10/7/17,11
10/7/17,11
10/7/17,11
10/7/17,11
10/7/17,11
10/7/17,11
10/7/17,11
10/7/17,11
10/7/17,11
10/7/17,11
10/7/17,11
10/7/17,11
10/7/17,11
10/7/17,11
10/7/17,11
10/7/17,11
10/7/17,11
10/7/17,11
10/7/17,11
10/8/17,11
10/8/17,11
10/8/17,11
10/8/17,11
10/8/17,11
10/8/17,11
10/8/17,11
10/8/17,11
10/8/17,11
10/8/17,11
10/8/17,11
10/8/17,11
10/8/17,11
10/8/17,11
10/8/17,10
10/8/17,11
10/8/17,11
10/8/17,11
10/8/17,11
10/8/17,11
10/8/17,11
10/8/17,11
10/8/17,11
10/8/17,11
10/9/17,11
10/9/17,11
10/9/17,11
10/9/17,11
10/9/17,11
10/9/17,11
10/9/17,11
10/9/17,10
10/9/17,11
10/9/17,11
10/9/17,11
10/9/17,11
10/9/17,10
10/9/17,10
10/9/17,10
10/9/17,10
10/9/17,10
10/9/17,11
10/9/17,10
10/9/17,10
10/9/17,10
10/9/17,11
10/9/17,11
10/9/17,11
10/10/17,11
10/10/17,11
10/10/17,11
10/10/17,11
10/10/17,10
10/10/17,10
10/10/17,11
10/10/17,11
10/10/17,10
10/10/17,10
10/10/17,11
10/10/17,11
10/10/17,11
10/10/17,10
10/10/17,10
10/10/17,10
10/10/17,10
10/10/17,10
10/10/17,10
10/10/17,10
10/10/17,10
10/10/17,10
10/10/17,10
10/10/17,10
10/11/17,10
10/11/17,10
10/11/17,10
10/11/17,10
10/11/17,10
10/11/17,10
10/11/17,10
10/11/17,10
10/11/17,10
10/11/17,10
10/11/17,10
10/11/17,11
10/11/17,11
10/11/17,11
10/11/17,10
10/11/17,10
10/11/17,10
10/11/17,10
10/11/17,10
10/11/17,10
10/11/17,10
10/11/17,10
10/11/17,10
10/11/17,10
10/12/17,10
10/12/17,11
10/12/17,10
10/12/17,10
10/12/17,10
10/12/17,10
10/12/17,10
10/12/17,10
10/12/17,10
10/12/17,10
10/12/17,10
10/12/17,10
10/12/17,10
10/12/17,10
10/12/17,10
10/12/17,10
10/12/17,10
10/12/17,10
10/12/17,10
10/12/17,10
10/12/17,10
10/12/17,10
10/12/17,10
10/12/17,10
10/13/17,10
10/13/17,10
10/13/17,10
10/13/17,10
10/13/17,11
10/13/17,10
10/13/17,10
10/13/17,10
10/13/17,10
10/13/17,11
10/13/17,11
10/13/17,10
10/13/17,10
10/13/17,10
10/13/17,10
10/13/17,10
10/13/17,10
10/13/17,10
10/13/17,10
10/13/17,10
10/13/17,10
10/13/17,10
10/13/17,10
10/13/17,10
10/14/17,11
10/14/17,10
10/14/17,10
10/14/17,10
10/14/17,10
10/14/17,10
10/14/17,10
10/14/17,10
10/14/17,10
10/14/17,10
10/14/17,10
10/14/17,10
10/14/17,10
10/14/17,10
10/14/17,10
10/14/17,10
10/14/17,10
10/14/17,10
10/14/17,10
10/14/17,10
10/14/17,10
10/14/17,10
10/14/17,10
10/14/17,10
10/15/17,10
10/15/17,10
10/15/17,10
10/15/17,10
10/15/17,10
10/15/17,10
10/15/17,10
10/15/17,10
10/15/17,10
10/15/17,10
10/15/17,10
10/15/17,10
10/15/17,10
10/15/17,10
10/15/17,10
10/15/17,10
10/15/17,10
10/15/17,10
10/15/17,10
10/15/17,10
10/15/17,10
10/15/17,10
10/15/17,10
10/15/17,10
10/16/17,10
10/16/17,10
10/16/17,10
10/16/17,10
10/16/17,10
10/16/17,10
10/16/17,10
10/16/17,10
10/16/17,10
10/16/17,10
10/16/17,10
10/16/17,10
10/16/17,10
10/16/17,10
10/16/17,10
10/16/17,10
10/16/17,10
10/16/17,10
10/16/17,10
10/16/17,10
10/16/17,10
10/16/17,10
10/16/17,10
10/16/17,10
10/17/17,10
10/17/17,10
10/17/17,10
10/17/17,10
10/17/17,10
10/17/17,10
10/17/17,10
10/17/17,10
10/17/17,10
10/17/17,10
10/17/17,10
10/17/17,10
10/17/17,10
10/17/17,10
10/17/17,10
10/17/17,10
10/17/17,10
10/17/17,10
10/17/17,10
10/17/17,10
10/17/17,10
10/17/17,10
10/17/17,10
10/17/17,10
10/18/17,10
10/18/17,10
10/18/17,10
10/18/17,10
10/18/17,10
10/18/17,10
10/18/17,10
10/18/17,10
10/18/17,10
10/18/17,10
10/18/17,10
10/18/17,10
10/18/17,10
10/18/17,10
10/18/17,10
10/18/17,10
10/18/17,10
10/18/17,10
10/18/17,10
10/18/17,10
10/18/17,10
10/18/17,10
10/18/17,10
10/18/17,10
10/19/17,10
10/19/17,10
10/19/17,10
10/19/17,10
10/19/17,10
10/19/17,10
10/19/17,10
10/19/17,10
10/19/17,10
10/19/17,10
10/19/17,NA
10/19/17,NA
10/19/17,NA
10/19/17,10
10/19/17,10
10/19/17,10
10/19/17,10
10/19/17,10
10/19/17,10
10/19/17,10
10/19/17,10
10/19/17,10
10/19/17,10
10/19/17,10
10/20/17,10
10/20/17,10
10/20/17,10
10/20/17,10
10/20/17,10
10/20/17,10
10/20/17,10
10/20/17,10
10/20/17,10
10/20/17,10
10/20/17,10
10/20/17,10
10/20/17,10
10/20/17,10
10/20/17,10
10/20/17,10
10/20/17,10
10/20/17,10
10/20/17,10
10/20/17,10
10/20/17,10
10/20/17,10
10/20/17,10
10/20/17,10
10/21/17,10
10/21/17,10
10/21/17,10
10/21/17,10
10/21/17,10
10/21/17,10
10/21/17,10
10/21/17,10
10/21/17,10
10/21/17,10
10/21/17,10
10/21/17,10
10/21/17,10
10/21/17,10
10/21/17,10
10/21/17,10
10/21/17,10
10/21/17,10
10/21/17,10
10/21/17,10
10/21/17,10
10/21/17,10
10/21/17,10
10/21/17,10
10/22/17,10
10/22/17,10
10/22/17,10
10/22/17,10
10/22/17,10
10/22/17,10
10/22/17,10
10/22/17,10
10/22/17,10
10/22/17,10
10/22/17,10
10/22/17,10
10/22/17,10
10/22/17,10
10/22/17,10
10/22/17,10
10/22/17,10
10/22/17,10
10/22/17,10
10/22/17,10
10/22/17,10
10/22/17,10
10/22/17,10
10/22/17,10
10/23/17,10
10/23/17,10
10/23/17,10
10/23/17,10
10/23/17,10
10/23/17,10
10/23/17,10
10/23/17,10
10/23/17,10
10/23/17,10
10/23/17,10
10/23/17,10
10/23/17,10
10/23/17,10
10/23/17,10
10/23/17,10
10/23/17,10
10/23/17,10
10/23/17,10
10/23/17,10
10/23/17,10
10/23/17,10
10/23/17,10
10/23/17,10
10/24/17,10
10/24/17,10
10/24/17,10
10/24/17,10
10/24/17,10
10/24/17,10
10/24/17,10
10/24/17,10
10/24/17,10
10/24/17,10
10/24/17,10
10/24/17,10
10/24/17,10
10/24/17,10
10/24/17,10
10/24/17,10
10/24/17,10
10/24/17,10
10/24/17,10
10/24/17,10
10/24/17,10
10/24/17,10
10/24/17,10
10/24/17,10
10/25/17,10
10/25/17,10
10/25/17,10
10/25/17,10
10/25/17,10
10/25/17,10
10/25/17,10
10/25/17,10
10/25/17,10
10/25/17,10
10/25/17,10
10/25/17,10
10/25/17,10
10/25/17,10
10/25/17,10
10/25/17,10
10/25/17,10
10/25/17,10
10/25/17,10
10/25/17,10
10/25/17,10
10/25/17,10
10/25/17,10
10/25/17,10
10/26/17,10
10/26/17,10
10/26/17,10
10/26/17,10
10/26/17,10
10/26/17,10
10/26/17,10
10/26/17,10
10/26/17,10
10/26/17,10
10/26/17,10
10/26/17,10
10/26/17,10
10/26/17,10
10/26/17,10
10/26/17,10
10/26/17,10
10/26/17,10
10/26/17,10
10/26/17,10
10/26/17,10
10/26/17,10
10/26/17,10
10/26/17,10
10/27/17,10
10/27/17,10
10/27/17,10
10/27/17,10
10/27/17,10
10/27/17,10
10/27/17,10
10/27/17,10
10/27/17,10
10/27/17,10
10/27/17,10
10/27/17,10
10/27/17,10
10/27/17,10
10/27/17,10
10/27/17,10
10/27/17,10
10/27/17,10
10/27/17,10
10/27/17,10
10/27/17,10
10/27/17,10
10/27/17,10
10/27/17,10
10/28/17,10
10/28/17,10
10/28/17,10
10/28/17,10
10/28/17,10
10/28/17,10
10/28/17,10
10/28/17,10
10/28/17,10
10/28/17,10
10/28/17,10
10/28/17,10
10/28/17,10
10/28/17,10
10/28/17,10
10/28/17,10
10/28/17,10
10/28/17,10
10/28/17,10
10/28/17,10
10/28/17,10
10/28/17,10
10/28/17,10
10/28/17,10
10/29/17,10
10/29/17,10
10/29/17,10
10/29/17,10
10/29/17,10
10/29/17,10
10/29/17,10
10/29/17,10
10/29/17,10
10/29/17,10
10/29/17,10
10/29/17,10
10/29/17,10
10/29/17,9
10/29/17,10
10/29/17,10
10/29/17,10
10/29/17,10
10/29/17,10
10/29/17,10
10/29/17,10
10/29/17,10
10/29/17,10
10/29/17,10
10/30/17,10
10/30/17,10
10/30/17,10
10/30/17,10
10/30/17,10
10/30/17,10
10/30/17,10
10/30/17,10
10/30/17,10
10/30/17,10
10/30/17,10
10/30/17,10
10/30/17,10
10/30/17,10
10/30/17,10
10/30/17,10
10/30/17,10
10/30/17,10
10/30/17,10
10/30/17,10
10/30/17,10
10/30/17,10
10/30/17,10
10/30/17,10
10/31/17,10
10/31/17,10
10/31/17,10
10/31/17,10
10/31/17,10
10/31/17,10
10/31/17,10
10/31/17,10
10/31/17,10
10/31/17,10
10/31/17,10
10/31/17,10
10/31/17,10
10/31/17,10
10/31/17,10
10/31/17,10
10/31/17,10
10/31/17,10
10/31/17,10
10/31/17,10
10/31/17,10
10/31/17,10
10/31/17,10
10/31/17,10
11/1/17,10
11/1/17,10
11/1/17,10
11/1/17,10
11/1/17,10
11/1/17,10
11/1/17,10
11/1/17,10
11/1/17,10
11/1/17,10
11/1/17,10
11/1/17,10
11/1/17,10
11/1/17,10
11/1/17,10
11/1/17,10
11/1/17,10
11/1/17,10
11/1/17,10
11/1/17,10
11/1/17,10
11/1/17,10
11/1/17,10
11/1/17,10
11/2/17,10
11/2/17,10
11/2/17,10
11/2/17,10
11/2/17,10
11/2/17,10
11/2/17,10
11/2/17,10
11/2/17,10
11/2/17,10
11/2/17,10
11/2/17,10
11/2/17,10
11/2/17,10
11/2/17,10
11/2/17,10
11/2/17,10
11/2/17,10
11/2/17,10
11/2/17,10
11/2/17,10
11/2/17,10
11/2/17,10
11/2/17,10
11/3/17,10
11/3/17,10
11/3/17,10
11/3/17,10
11/3/17,10
11/3/17,10
11/3/17,10
11/3/17,10
11/3/17,10
11/3/17,10
11/3/17,10
11/3/17,10
11/3/17,10
11/3/17,10
11/3/17,10
11/3/17,10
11/3/17,10
11/3/17,9
11/3/17,9
11/3/17,10
11/3/17,10
11/3/17,10
11/3/17,10
11/3/17,10
11/4/17,10
11/4/17,10
11/4/17,9
11/4/17,10
11/4/17,9
11/4/17,10
11/4/17,10
11/4/17,10
11/4/17,10
11/4/17,10
11/4/17,10
11/4/17,10
11/4/17,10
11/4/17,10
11/4/17,10
11/4/17,9
11/4/17,9
11/4/17,9
11/4/17,9
11/4/17,9
11/4/17,9
11/4/17,10
11/4/17,10
11/4/17,9
11/5/17,10
11/5/17,10
11/5/17,9
11/5/17,9
11/5/17,9
11/5/17,10
11/5/17,10
11/5/17,10
11/5/17,9
11/5/17,9
11/5/17,10
11/5/17,10
11/5/17,10
11/5/17,10
11/5/17,10
11/5/17,10
11/5/17,9
11/5/17,9
11/5/17,9
11/5/17,9
11/5/17,9
11/5/17,9
11/5/17,9
11/5/17,9
11/6/17,9
11/6/17,9
11/6/17,9
11/6/17,9
11/6/17,9
11/6/17,9
11/6/17,9
11/6/17,9
11/6/17,9
11/6/17,9
11/6/17,9
11/6/17,9
11/6/17,9
11/6/17,9
11/6/17,9
11/6/17,9
11/6/17,9
11/6/17,9
11/6/17,9
11/6/17,9
11/6/17,9
11/6/17,9
11/6/17,9
11/6/17,9
11/7/17,9
11/7/17,9
11/7/17,9
11/7/17,9
11/7/17,9
11/7/17,9
11/7/17,9
11/7/17,9
11/7/17,9
11/7/17,9
11/7/17,9
11/7/17,9
11/7/17,9
11/7/17,9
11/7/17,9
11/7/17,9
11/7/17,9
11/7/17,NA
11/7/17,9
11/7/17,9
11/7/17,9
11/7/17,9
11/7/17,9
11/7/17,9
11/8/17,9
11/8/17,9
11/8/17,9
11/8/17,9
11/8/17,9
11/8/17,9
11/8/17,9
11/8/17,9
11/8/17,9
11/8/17,9
11/8/17,9
11/8/17,9
11/8/17,9
11/8/17,9
11/8/17,9
11/8/17,9
11/8/17,9
11/8/17,9
11/8/17,9
11/8/17,9
11/8/17,9
11/8/17,9
11/8/17,9
11/8/17,9
11/9/17,9
11/9/17,9
11/9/17,9
11/9/17,9
11/9/17,9
11/9/17,9
11/9/17,9
11/9/17,9
11/9/17,9
11/9/17,9
11/9/17,9
11/9/17,9
11/9/17,9
11/9/17,9
11/9/17,9
11/9/17,9
11/9/17,9
11/9/17,9
11/9/17,9
11/9/17,9
11/9/17,9
11/9/17,9
11/9/17,9
11/9/17,9
11/10/17,9
11/10/17,9
11/10/17,9
11/10/17,9
11/10/17,9
11/10/17,9
11/10/17,9
11/10/17,9
11/10/17,9
11/10/17,9
11/10/17,9
11/10/17,9
11/10/17,9
11/10/17,9
11/10/17,9
11/10/17,9
11/10/17,9
11/10/17,9
11/10/17,9
11/10/17,9
11/10/17,9
11/10/17,9
11/10/17,9
11/10/17,9
11/11/17,9
11/11/17,9
11/11/17,9
11/11/17,9
11/11/17,9
11/11/17,9
11/11/17,9
11/11/17,9
11/11/17,9
11/11/17,9
11/11/17,9
11/11/17,9
11/11/17,9
11/11/17,9
11/11/17,9
11/11/17,9
11/11/17,9
11/11/17,9
11/11/17,9
11/11/17,9
11/11/17,9
11/11/17,9
11/11/17,9
11/11/17,9
11/12/17,9
11/12/17,9
11/12/17,9
11/12/17,9
11/12/17,9
11/12/17,9
11/12/17,9
11/12/17,9
11/12/17,9
11/12/17,9
11/12/17,9
11/12/17,9
11/12/17,9
11/12/17,9
11/12/17,9
11/12/17,9
11/12/17,9
11/12/17,9
11/12/17,9
11/12/17,9
11/12/17,9
11/12/17,9
11/12/17,9
11/12/17,9
11/13/17,9
11/13/17,9
11/13/17,9
11/13/17,9
11/13/17,9
11/13/17,9
11/13/17,9
11/13/17,9
11/13/17,9
11/13/17,9
11/13/17,9
11/13/17,9
11/13/17,9
11/13/17,9
11/13/17,9
11/13/17,9
11/13/17,9
11/13/17,9
11/13/17,9
11/13/17,9
11/13/17,9
11/13/17,9
11/13/17,9
11/13/17,9
11/14/17,9
11/14/17,9
11/14/17,9
11/14/17,8
11/14/17,9
11/14/17,9
11/14/17,9
11/14/17,8
11/14/17,8
11/14/17,8
11/14/17,8
11/14/17,8
11/14/17,7
11/14/17,7
11/14/17,8
11/14/17,7
11/14/17,7
11/14/17,7
11/14/17,8
11/14/17,8
11/14/17,8
11/14/17,8
11/14/17,8
11/14/17,8
11/15/17,8
11/15/17,8
11/15/17,8
11/15/17,8
11/15/17,8
11/15/17,9
11/15/17,9
11/15/17,9
11/15/17,8
11/15/17,8
11/15/17,7
11/15/17,8
11/15/17,8
11/15/17,8
11/15/17,8
11/15/17,7
11/15/17,7
11/15/17,8
11/15/17,8
11/15/17,9
11/15/17,10
11/15/17,9
11/15/17,9
11/15/17,8
11/16/17,7
11/16/17,8
11/16/17,8
11/16/17,8
11/16/17,8
11/16/17,8
11/16/17,8
11/16/17,8
11/16/17,8
11/16/17,8
11/16/17,8
11/16/17,8
11/16/17,8
11/16/17,7
11/16/17,7
11/16/17,7
11/16/17,7
11/16/17,7
11/16/17,8
11/16/17,8
11/16/17,9
11/16/17,9
11/16/17,9
11/16/17,8
11/17/17,8
11/17/17,8
11/17/17,8
11/17/17,8
11/17/17,8
11/17/17,8
11/17/17,7
11/17/17,7
11/17/17,7
11/17/17,7
11/17/17,7
11/17/17,7
11/17/17,7
11/17/17,7
11/17/17,6
11/17/17,7
11/17/17,7
11/17/17,7
11/17/17,8
11/17/17,NA
11/17/17,NA
11/17/17,NA
11/17/17,NA
11/17/17,NA
11/18/17,NA
11/18/17,NA
11/18/17,NA
11/18/17,NA
11/18/17,NA
11/18/17,NA
11/18/17,NA
11/18/17,NA
11/18/17,NA
11/18/17,NA
11/18/17,NA
11/18/17,NA
11/18/17,NA
11/18/17,NA
11/18/17,NA
11/18/17,NA
11/18/17,NA
11/18/17,NA
11/18/17,NA
11/18/17,NA
11/18/17,NA
11/18/17,NA
11/18/17,NA
11/18/17,NA
11/19/17,NA
11/19/17,NA
11/19/17,NA
11/19/17,NA
11/19/17,NA
11/19/17,NA
11/19/17,NA
11/19/17,NA
11/19/17,NA
11/19/17,NA
11/19/17,NA
11/19/17,NA
11/19/17,NA
11/19/17,NA
11/19/17,7
11/19/17,7
11/19/17,7
11/19/17,6
11/19/17,6
11/19/17,7
11/19/17,7
11/19/17,7
11/19/17,8
11/19/17,7
11/20/17,7
11/20/17,7
11/20/17,6
11/20/17,6
11/20/17,6
11/20/17,6
11/20/17,7
11/20/17,7
11/20/17,7
11/20/17,8
11/20/17,5
11/20/17,4
11/20/17,5
11/20/17,4
11/20/17,5
11/20/17,5
11/20/17,5
11/20/17,5
11/20/17,6
11/20/17,7
11/20/17,8
11/20/17,8
11/20/17,9
11/20/17,9
11/21/17,8
11/21/17,7
11/21/17,7
11/21/17,7
11/21/17,7
11/21/17,6
11/21/17,6
11/21/17,6
11/21/17,5
11/21/17,5
11/21/17,5
11/21/17,5
11/21/17,5
11/21/17,6
11/21/17,6
11/21/17,5
11/21/17,5
11/21/17,5
11/21/17,5
11/21/17,5
11/21/17,5
11/21/17,6
11/21/17,6
11/21/17,7
11/22/17,7
11/22/17,10
11/22/17,11
11/22/17,11
11/22/17,12
11/22/17,12
11/22/17,12
11/22/17,12
11/22/17,12
11/22/17,12
11/22/17,12
11/22/17,10
11/22/17,10
11/22/17,11
11/22/17,12
11/22/17,12
11/22/17,13
11/22/17,13
11/22/17,13
11/22/17,13
11/22/17,14
11/22/17,15
11/22/17,15
11/22/17,15
11/23/17,15
11/23/17,14
11/23/17,14
11/23/17,13
11/23/17,13
11/23/17,13
11/23/17,12
11/23/17,12
11/23/17,12
11/23/17,12
11/23/17,11
11/23/17,11
11/23/17,12
11/23/17,11
11/23/17,11
11/23/17,11
11/23/17,10
11/23/17,10
11/23/17,10
11/23/17,10
11/23/17,10
11/23/17,11
11/23/17,10
11/23/17,11
11/24/17,11
11/24/17,10
11/24/17,10
11/24/17,10
11/24/17,10
11/24/17,10
11/24/17,9
11/24/17,9
11/24/17,9
11/24/17,9
11/24/17,9
11/24/17,9
11/24/17,9
11/24/17,9
11/24/17,9
11/24/17,9
11/24/17,8
11/24/17,9
11/24/17,9
11/24/17,8
11/24/17,9
11/24/17,9
11/24/17,9
11/24/17,9
11/25/17,9
11/25/17,9
11/25/17,9
11/25/17,9
11/25/17,9
11/25/17,9
11/25/17,9
11/25/17,10
11/25/17,10
11/25/17,10
11/25/17,10
11/25/17,10
11/25/17,10
11/25/17,10
11/25/17,9
11/25/17,10
11/25/17,10
11/25/17,10
11/25/17,10
11/25/17,10
11/25/17,10
11/25/17,10
11/25/17,9
11/25/17,10
11/26/17,11
11/26/17,10
11/26/17,10
11/26/17,8
11/26/17,8
11/26/17,8
11/26/17,8
11/26/17,8
11/26/17,9
11/26/17,10
11/26/17,12
11/26/17,13
11/26/17,9
11/26/17,9
11/26/17,9
11/26/17,9
11/26/17,9
11/26/17,9
11/26/17,9
11/26/17,9
11/26/17,9
11/26/17,9
11/26/17,9
11/26/17,9
11/27/17,9
11/27/17,9
11/27/17,9
11/27/17,9
11/27/17,9
11/27/17,9
11/27/17,9
11/27/17,9
11/27/17,9
11/27/17,9
11/27/17,9
11/27/17,9
11/27/17,9
11/27/17,9
11/27/17,9
11/27/17,9
11/27/17,9
11/27/17,9
11/27/17,9
11/27/17,9
11/27/17,9
11/27/17,9
11/27/17,9
11/27/17,9
11/28/17,9
11/28/17,9
11/28/17,9
11/28/17,9
11/28/17,9
11/28/17,9
11/28/17,9
11/28/17,9
11/28/17,9
11/28/17,9
11/28/17,9
11/28/17,9
11/28/17,9
11/28/17,9
11/28/17,9
11/28/17,9
11/28/17,9
11/28/17,9
11/28/17,9
11/28/17,9
11/28/17,9
11/28/17,9
11/28/17,9
11/28/17,9
11/29/17,9
11/29/17,9
11/29/17,9
11/29/17,9
11/29/17,9
11/29/17,9
11/29/17,9
11/29/17,9
11/29/17,9
11/29/17,9
11/29/17,9
11/29/17,9
11/29/17,9
11/29/17,9
11/29/17,9
11/29/17,8
11/29/17,8
11/29/17,8
11/29/17,8
11/29/17,8
11/29/17,9
11/29/17,9
11/29/17,9
11/29/17,9
11/30/17,9
11/30/17,8
11/30/17,8
11/30/17,8
11/30/17,8
11/30/17,8
11/30/17,9
11/30/17,8
11/30/17,9
11/30/17,9
11/30/17,9
11/30/17,9
11/30/17,9
11/30/17,9
11/30/17,9
11/30/17,9
11/30/17,9
11/30/17,9
11/30/17,9
11/30/17,9
11/30/17,9
11/30/17,9
11/30/17,9
11/30/17,9
12/1/17,9
12/1/17,NA
12/1/17,9
12/1/17,9
12/1/17,9
12/1/17,9
12/1/17,9
12/1/17,9
12/1/17,9
12/1/17,9
12/1/17,9
12/1/17,8
12/1/17,8
12/1/17,9
12/1/17,9
12/1/17,9
12/1/17,9
12/1/17,9
12/1/17,9
12/1/17,9
12/1/17,9
12/1/17,9
12/1/17,9
12/1/17,9
12/2/17,9
12/2/17,9
12/2/17,8
12/2/17,8
12/2/17,8
12/2/17,8
12/2/17,9
12/2/17,9
12/2/17,9
12/2/17,9
12/2/17,8
12/2/17,8
12/2/17,8
12/2/17,9
12/2/17,8
12/2/17,8
12/2/17,9
12/2/17,9
12/2/17,5